[{"pk": 22, "model": "auth.permission", "fields": {"codename": "add_logentry", "name": "Can add log entry", "content_type": 8}}, {"pk": 23, "model": "auth.permission", "fields": {"codename": "change_logentry", "name": "Can change log entry", "content_type": 8}}, {"pk": 24, "model": "auth.permission", "fields": {"codename": "delete_logentry", "name": "Can delete log entry", "content_type": 8}}, {"pk": 4, "model": "auth.permission", "fields": {"codename": "add_group", "name": "Can add group", "content_type": 2}}, {"pk": 10, "model": "auth.permission", "fields": {"codename": "add_message", "name": "Can add message", "content_type": 4}}, {"pk": 1, "model": "auth.permission", "fields": {"codename": "add_permission", "name": "Can add permission", "content_type": 1}}, {"pk": 7, "model": "auth.permission", "fields": {"codename": "add_user", "name": "Can add user", "content_type": 3}}, {"pk": 5, "model": "auth.permission", "fields": {"codename": "change_group", "name": "Can change group", "content_type": 2}}, {"pk": 11, "model": "auth.permission", "fields": {"codename": "change_message", "name": "Can change message", "content_type": 4}}, {"pk": 2, "model": "auth.permission", "fields": {"codename": "change_permission", "name": "Can change permission", "content_type": 1}}, {"pk": 8, "model": "auth.permission", "fields": {"codename": "change_user", "name": "Can change user", "content_type": 3}}, {"pk": 6, "model": "auth.permission", "fields": {"codename": "delete_group", "name": "Can delete group", "content_type": 2}}, {"pk": 12, "model": "auth.permission", "fields": {"codename": "delete_message", "name": "Can delete message", "content_type": 4}}, {"pk": 3, "model": "auth.permission", "fields": {"codename": "delete_permission", "name": "Can delete permission", "content_type": 1}}, {"pk": 9, "model": "auth.permission", "fields": {"codename": "delete_user", "name": "Can delete user", "content_type": 3}}, {"pk": 73, "model": "auth.permission", "fields": {"codename": "add_ballot", "name": "Can add ballot", "content_type": 25}}, {"pk": 74, "model": "auth.permission", "fields": {"codename": "change_ballot", "name": "Can change ballot", "content_type": 25}}, {"pk": 75, "model": "auth.permission", "fields": {"codename": "delete_ballot", "name": "Can delete ballot", "content_type": 25}}, {"pk": 13, "model": "auth.permission", "fields": {"codename": "add_contenttype", "name": "Can add content type", "content_type": 5}}, {"pk": 14, "model": "auth.permission", "fields": {"codename": "change_contenttype", "name": "Can change content type", "content_type": 5}}, {"pk": 15, "model": "auth.permission", "fields": {"codename": "delete_contenttype", "name": "Can delete content type", "content_type": 5}}, {"pk": 31, "model": "auth.permission", "fields": {"codename": "add_candidate", "name": "Can add candidate", "content_type": 10}}, {"pk": 46, "model": "auth.permission", "fields": {"codename": "add_classpresidentslate", "name": "Can add class president slate", "content_type": 10}}, {"pk": 25, "model": "auth.permission", "fields": {"codename": "add_electorate", "name": "Can add electorate", "content_type": 9}}, {"pk": 43, "model": "auth.permission", "fields": {"codename": "add_executiveslate", "name": "Can add executive slate", "content_type": 10}}, {"pk": 34, "model": "auth.permission", "fields": {"codename": "add_feerequest", "name": "Can add fee request", "content_type": 10}}, {"pk": 52, "model": "auth.permission", "fields": {"codename": "add_gsccandidate", "name": "Can add gsc candidate", "content_type": 10}}, {"pk": 28, "model": "auth.permission", "fields": {"codename": "add_issue", "name": "Can add issue", "content_type": 10}}, {"pk": 49, "model": "auth.permission", "fields": {"codename": "add_senatecandidate", "name": "Can add senate candidate", "content_type": 10}}, {"pk": 40, "model": "auth.permission", "fields": {"codename": "add_slate", "name": "Can add slate", "content_type": 10}}, {"pk": 55, "model": "auth.permission", "fields": {"codename": "add_smsacandidate", "name": "Can add smsa candidate", "content_type": 10}}, {"pk": 64, "model": "auth.permission", "fields": {"codename": "add_smsaccaprepcandidate", "name": "Can add smsaccap rep candidate", "content_type": 10}}, {"pk": 58, "model": "auth.permission", "fields": {"codename": "add_smsaclassrepcandidate", "name": "Can add smsa class rep candidate", "content_type": 10}}, {"pk": 67, "model": "auth.permission", "fields": {"codename": "add_smsapolicyandadvocacychaircandidate", "name": "Can add smsa policy and advocacy chair candidate", "content_type": 10}}, {"pk": 61, "model": "auth.permission", "fields": {"codename": "add_smsasocialchaircandidate", "name": "Can add smsa social chair candidate", "content_type": 10}}, {"pk": 37, "model": "auth.permission", "fields": {"codename": "add_specialfeerequest", "name": "Can add special fee request", "content_type": 10}}, {"pk": 32, "model": "auth.permission", "fields": {"codename": "change_candidate", "name": "Can change candidate", "content_type": 10}}, {"pk": 47, "model": "auth.permission", "fields": {"codename": "change_classpresidentslate", "name": "Can change class president slate", "content_type": 10}}, {"pk": 26, "model": "auth.permission", "fields": {"codename": "change_electorate", "name": "Can change electorate", "content_type": 9}}, {"pk": 44, "model": "auth.permission", "fields": {"codename": "change_executiveslate", "name": "Can change executive slate", "content_type": 10}}, {"pk": 35, "model": "auth.permission", "fields": {"codename": "change_feerequest", "name": "Can change fee request", "content_type": 10}}, {"pk": 53, "model": "auth.permission", "fields": {"codename": "change_gsccandidate", "name": "Can change gsc candidate", "content_type": 10}}, {"pk": 29, "model": "auth.permission", "fields": {"codename": "change_issue", "name": "Can change issue", "content_type": 10}}, {"pk": 50, "model": "auth.permission", "fields": {"codename": "change_senatecandidate", "name": "Can change senate candidate", "content_type": 10}}, {"pk": 41, "model": "auth.permission", "fields": {"codename": "change_slate", "name": "Can change slate", "content_type": 10}}, {"pk": 56, "model": "auth.permission", "fields": {"codename": "change_smsacandidate", "name": "Can change smsa candidate", "content_type": 10}}, {"pk": 65, "model": "auth.permission", "fields": {"codename": "change_smsaccaprepcandidate", "name": "Can change smsaccap rep candidate", "content_type": 10}}, {"pk": 59, "model": "auth.permission", "fields": {"codename": "change_smsaclassrepcandidate", "name": "Can change smsa class rep candidate", "content_type": 10}}, {"pk": 68, "model": "auth.permission", "fields": {"codename": "change_smsapolicyandadvocacychaircandidate", "name": "Can change smsa policy and advocacy chair candidate", "content_type": 10}}, {"pk": 62, "model": "auth.permission", "fields": {"codename": "change_smsasocialchaircandidate", "name": "Can change smsa social chair candidate", "content_type": 10}}, {"pk": 38, "model": "auth.permission", "fields": {"codename": "change_specialfeerequest", "name": "Can change special fee request", "content_type": 10}}, {"pk": 33, "model": "auth.permission", "fields": {"codename": "delete_candidate", "name": "Can delete candidate", "content_type": 10}}, {"pk": 48, "model": "auth.permission", "fields": {"codename": "delete_classpresidentslate", "name": "Can delete class president slate", "content_type": 10}}, {"pk": 27, "model": "auth.permission", "fields": {"codename": "delete_electorate", "name": "Can delete electorate", "content_type": 9}}, {"pk": 45, "model": "auth.permission", "fields": {"codename": "delete_executiveslate", "name": "Can delete executive slate", "content_type": 10}}, {"pk": 36, "model": "auth.permission", "fields": {"codename": "delete_feerequest", "name": "Can delete fee request", "content_type": 10}}, {"pk": 54, "model": "auth.permission", "fields": {"codename": "delete_gsccandidate", "name": "Can delete gsc candidate", "content_type": 10}}, {"pk": 30, "model": "auth.permission", "fields": {"codename": "delete_issue", "name": "Can delete issue", "content_type": 10}}, {"pk": 51, "model": "auth.permission", "fields": {"codename": "delete_senatecandidate", "name": "Can delete senate candidate", "content_type": 10}}, {"pk": 42, "model": "auth.permission", "fields": {"codename": "delete_slate", "name": "Can delete slate", "content_type": 10}}, {"pk": 57, "model": "auth.permission", "fields": {"codename": "delete_smsacandidate", "name": "Can delete smsa candidate", "content_type": 10}}, {"pk": 66, "model": "auth.permission", "fields": {"codename": "delete_smsaccaprepcandidate", "name": "Can delete smsaccap rep candidate", "content_type": 10}}, {"pk": 60, "model": "auth.permission", "fields": {"codename": "delete_smsaclassrepcandidate", "name": "Can delete smsa class rep candidate", "content_type": 10}}, {"pk": 69, "model": "auth.permission", "fields": {"codename": "delete_smsapolicyandadvocacychaircandidate", "name": "Can delete smsa policy and advocacy chair candidate", "content_type": 10}}, {"pk": 63, "model": "auth.permission", "fields": {"codename": "delete_smsasocialchaircandidate", "name": "Can delete smsa social chair candidate", "content_type": 10}}, {"pk": 39, "model": "auth.permission", "fields": {"codename": "delete_specialfeerequest", "name": "Can delete special fee request", "content_type": 10}}, {"pk": 70, "model": "auth.permission", "fields": {"codename": "add_signature", "name": "Can add signature", "content_type": 24}}, {"pk": 71, "model": "auth.permission", "fields": {"codename": "change_signature", "name": "Can change signature", "content_type": 24}}, {"pk": 72, "model": "auth.permission", "fields": {"codename": "delete_signature", "name": "Can delete signature", "content_type": 24}}, {"pk": 16, "model": "auth.permission", "fields": {"codename": "add_session", "name": "Can add session", "content_type": 6}}, {"pk": 17, "model": "auth.permission", "fields": {"codename": "change_session", "name": "Can change session", "content_type": 6}}, {"pk": 18, "model": "auth.permission", "fields": {"codename": "delete_session", "name": "Can delete session", "content_type": 6}}, {"pk": 19, "model": "auth.permission", "fields": {"codename": "add_site", "name": "Can add site", "content_type": 7}}, {"pk": 20, "model": "auth.permission", "fields": {"codename": "change_site", "name": "Can change site", "content_type": 7}}, {"pk": 21, "model": "auth.permission", "fields": {"codename": "delete_site", "name": "Can delete site", "content_type": 7}}, {"pk": 1, "model": "auth.user", "fields": {"username": "sqs", "first_name": "", "last_name": "", "is_active": true, "is_superuser": true, "is_staff": true, "last_login": "2010-04-04 23:55:32", "groups": [], "user_permissions": [], "password": "sha1$26b6a$3b571e0b76ee8135a98f16e93d78c4341d9fe796", "email": "sqs@stanford.edu", "date_joined": "2010-04-04 23:52:24"}}, {"pk": 25, "model": "contenttypes.contenttype", "fields": {"model": "ballot", "name": "ballot", "app_label": "ballot"}}, {"pk": 11, "model": "contenttypes.contenttype", "fields": {"model": "candidate", "name": "candidate", "app_label": "issues"}}, {"pk": 16, "model": "contenttypes.contenttype", "fields": {"model": "classpresidentslate", "name": "class president slate", "app_label": "issues"}}, {"pk": 5, "model": "contenttypes.contenttype", "fields": {"model": "contenttype", "name": "content type", "app_label": "contenttypes"}}, {"pk": 9, "model": "contenttypes.contenttype", "fields": {"model": "electorate", "name": "electorate", "app_label": "issues"}}, {"pk": 15, "model": "contenttypes.contenttype", "fields": {"model": "executiveslate", "name": "executive slate", "app_label": "issues"}}, {"pk": 12, "model": "contenttypes.contenttype", "fields": {"model": "feerequest", "name": "fee request", "app_label": "issues"}}, {"pk": 2, "model": "contenttypes.contenttype", "fields": {"model": "group", "name": "group", "app_label": "auth"}}, {"pk": 18, "model": "contenttypes.contenttype", "fields": {"model": "gsccandidate", "name": "gsc candidate", "app_label": "issues"}}, {"pk": 10, "model": "contenttypes.contenttype", "fields": {"model": "issue", "name": "issue", "app_label": "issues"}}, {"pk": 8, "model": "contenttypes.contenttype", "fields": {"model": "logentry", "name": "log entry", "app_label": "admin"}}, {"pk": 4, "model": "contenttypes.contenttype", "fields": {"model": "message", "name": "message", "app_label": "auth"}}, {"pk": 1, "model": "contenttypes.contenttype", "fields": {"model": "permission", "name": "permission", "app_label": "auth"}}, {"pk": 17, "model": "contenttypes.contenttype", "fields": {"model": "senatecandidate", "name": "senate candidate", "app_label": "issues"}}, {"pk": 6, "model": "contenttypes.contenttype", "fields": {"model": "session", "name": "session", "app_label": "sessions"}}, {"pk": 24, "model": "contenttypes.contenttype", "fields": {"model": "signature", "name": "signature", "app_label": "petitions"}}, {"pk": 7, "model": "contenttypes.contenttype", "fields": {"model": "site", "name": "site", "app_label": "sites"}}, {"pk": 14, "model": "contenttypes.contenttype", "fields": {"model": "slate", "name": "slate", "app_label": "issues"}}, {"pk": 19, "model": "contenttypes.contenttype", "fields": {"model": "smsacandidate", "name": "smsa candidate", "app_label": "issues"}}, {"pk": 20, "model": "contenttypes.contenttype", "fields": {"model": "smsaclassrepcandidate", "name": "smsa class rep candidate", "app_label": "issues"}}, {"pk": 23, "model": "contenttypes.contenttype", "fields": {"model": "smsapolicyandadvocacychaircandidate", "name": "smsa policy and advocacy chair candidate", "app_label": "issues"}}, {"pk": 21, "model": "contenttypes.contenttype", "fields": {"model": "smsasocialchaircandidate", "name": "smsa social chair candidate", "app_label": "issues"}}, {"pk": 22, "model": "contenttypes.contenttype", "fields": {"model": "smsaccaprepcandidate", "name": "smsaccap rep candidate", "app_label": "issues"}}, {"pk": 13, "model": "contenttypes.contenttype", "fields": {"model": "specialfeerequest", "name": "special fee request", "app_label": "issues"}}, {"pk": 3, "model": "contenttypes.contenttype", "fields": {"model": "user", "name": "user", "app_label": "auth"}}, {"pk": "7f2a459117d197c2d209c71975f45715", "model": "sessions.session", "fields": {"expire_date": "2010-04-19 04:50:11", "session_data": "gAJ9cQEoVQ93ZWJhdXRoX3N1bmV0aWRxAlgDAAAAc3FzcQNVDV9hdXRoX3VzZXJfaWRxBEsBVRJf\nYXV0aF91c2VyX2JhY2tlbmRxBVUpZGphbmdvLmNvbnRyaWIuYXV0aC5iYWNrZW5kcy5Nb2RlbEJh\nY2tlbmRxBnUuOWFlMDEwYzNkMmQwNjAzMTUyMzM1YjVmY2ZhOTUzMmQ=\n"}}, {"pk": 1, "model": "sites.site", "fields": {"domain": "example.com", "name": "example.com"}}, {"pk": 3, "model": "admin.logentry", "fields": {"action_flag": 1, "action_time": "2010-04-05 07:54:37", "object_repr": "Ballot object", "object_id": "2", "change_message": "", "user": 1, "content_type": 25}}, {"pk": 2, "model": "admin.logentry", "fields": {"action_flag": 2, "action_time": "2010-04-05 07:53:53", "object_repr": "Ballot object", "object_id": "1", "change_message": "Changed voter_id, votes_senate, votes_exec and votes_specfee_yes.", "user": 1, "content_type": 25}}, {"pk": 1, "model": "admin.logentry", "fields": {"action_flag": 1, "action_time": "2010-04-04 23:55:49", "object_repr": "Ballot object", "object_id": "1", "change_message": "", "user": 1, "content_type": 25}}, {"pk": 1, "model": "issues.electorate", "fields": {"name": "Undergrad", "slug": "undergrad"}}, {"pk": 2, "model": "issues.electorate", "fields": {"name": "Grad", "slug": "grad"}}, {"pk": 3, "model": "issues.electorate", "fields": {"name": "Coterm", "slug": "coterm"}}, {"pk": 4, "model": "issues.electorate", "fields": {"name": "Freshman", "slug": "undergrad-1"}}, {"pk": 5, "model": "issues.electorate", "fields": {"name": "Sophomore", "slug": "undergrad-2"}}, {"pk": 6, "model": "issues.electorate", "fields": {"name": "Junior", "slug": "undergrad-3"}}, {"pk": 7, "model": "issues.electorate", "fields": {"name": "Senior", "slug": "undergrad-4"}}, {"pk": 8, "model": "issues.electorate", "fields": {"name": "SMSA", "slug": "smsa"}}, {"pk": 9, "model": "issues.electorate", "fields": {"name": "SMSA 1st Year", "slug": "smsa-1"}}, {"pk": 10, "model": "issues.electorate", "fields": {"name": "SMSA 2nd Year", "slug": "smsa-2"}}, {"pk": 11, "model": "issues.electorate", "fields": {"name": "SMSA 3rd Year", "slug": "smsa-3"}}, {"pk": 12, "model": "issues.electorate", "fields": {"name": "SMSA 4th Year", "slug": "smsa-4"}}, {"pk": 13, "model": "issues.electorate", "fields": {"name": "SMSA 5th-Plus Year", "slug": "smsa-5plus"}}, {"pk": 14, "model": "issues.electorate", "fields": {"name": "SMSA Pre-clinical", "slug": "smsa-preclinical"}}, {"pk": 15, "model": "issues.electorate", "fields": {"name": "SMSA Clinical", "slug": "smsa-clinical"}}, {"pk": 16, "model": "issues.electorate", "fields": {"name": "SMSA MD-PhD", "slug": "smsa-mdphd"}}, {"pk": 17, "model": "issues.electorate", "fields": {"name": "School of Business", "slug": "gsc-gsb"}}, {"pk": 18, "model": "issues.electorate", "fields": {"name": "School of Earth Sciences", "slug": "gsc-earthsci"}}, {"pk": 19, "model": "issues.electorate", "fields": {"name": "School of Education", "slug": "gsc-edu"}}, {"pk": 20, "model": "issues.electorate", "fields": {"name": "School of Engineering", "slug": "gsc-eng"}}, {"pk": 21, "model": "issues.electorate", "fields": {"name": "School of Humanities and Sciences, Humanities", "slug": "gsc-hs-hum"}}, {"pk": 22, "model": "issues.electorate", "fields": {"name": "School of Humanities and Sciences, Natural Science", "slug": "gsc-hs-natsci"}}, {"pk": 23, "model": "issues.electorate", "fields": {"name": "School of Humanities and Sciences, Social Sciences", "slug": "gsc-hs-socsci"}}, {"pk": 24, "model": "issues.electorate", "fields": {"name": "School of Law", "slug": "gsc-law"}}, {"pk": 25, "model": "issues.electorate", "fields": {"name": "At-Large", "slug": "gsc-atlarge"}}, {"pk": 26, "model": "issues.electorate", "fields": {"name": "SMSA MD+", "slug": "smsa-mdplus"}}, {"pk": 27, "model": "issues.electorate", "fields": {"name": "ASSU", "slug": "assu"}}, {"pk": 28, "model": "issues.electorate", "fields": {"name": "Undergrad 5th-plus-year", "slug": "undergrad-5plus"}}, {"pk": 29, "model": "issues.electorate", "fields": {"name": "School of Medicine", "slug": "gsc-med"}}, {"pk": 1, "model": "issues.issue", "fields": {"image": "media/issue_images/larry-david.jpg", "total_request_amount": "0", "admin_notes": "", "account_statement": "", "statement_short": "Hello! My name is Leland Q. Senator.", "title": "Leland Q. Senator", "received_declaration": false, "petition_budget_summary": "", "petition_signatures_count": 125, "statement": "Hello! My name is Leland Q. Senator, and I want to reform the system. I have a number of important initiatives, including reforming the system, reforming the system, reforming the system, reforming the system, reforming the system, reforming the system, reforming the system, reforming the system, reforming the system, reforming the system, reforming the system, reforming the system, reforming the system, reforming the system, reforming the system, reforming the system, reforming the system, reforming the system, reforming the system, reforming the system, reforming the system, reforming the system, reforming the system, reforming the system, reforming the system, reforming the system, reforming the system, reforming the system, reforming the system, reforming the system, reforming the system, reforming the system, reforming the system, reforming the system, reforming the system, and reforming the system.", "total_past_request_amount": "0", "public": true, "past_budget": "", "budget_summary": "", "statement_petition": "", "electorates": [1], "petition_validated": true, "name4": "", "name5": "", "name2": "", "name3": "", "name1": "Leland Senator", "sunetid2": "", "sunetid3": "", "sunetid1": "lsenator", "slug": "leland-senator", "sunetid4": "", "sunetid5": "", "kind": "US", "budget": "", "signed_voterguide_agreement": true, "external_url": ""}}, {"pk": 2, "model": "issues.issue", "fields": {"image": "", "total_request_amount": "0", "admin_notes": "", "account_statement": "", "statement_short": "", "title": "Super Sophomores", "received_declaration": false, "petition_budget_summary": "", "petition_signatures_count": 0, "statement": "", "total_past_request_amount": "0", "public": true, "past_budget": "", "budget_summary": "", "statement_petition": "", "electorates": [5], "petition_validated": false, "name4": "Carol Smith", "name5": "", "name2": "Alice Smith", "name3": "Bob Smith", "name1": "John Smith", "sunetid2": "asmith", "sunetid3": "bsmith", "sunetid1": "jsmith", "slug": "super-sophomores", "sunetid4": "csmith", "sunetid5": "", "kind": "ClassPres", "budget": "", "signed_voterguide_agreement": true, "external_url": ""}}, {"pk": 3, "model": "issues.issue", "fields": {"image": "", "total_request_amount": "34567.89", "admin_notes": "", "account_statement": "", "statement_short": "", "title": "Stanford Test Society", "received_declaration": false, "petition_budget_summary": "BUDGET SUMMARY", "petition_signatures_count": 0, "statement": "Support Stanford Test Society!", "total_past_request_amount": "23456.78", "public": true, "past_budget": "", "budget_summary": "", "statement_petition": "", "electorates": [1, 3], "petition_validated": false, "name4": "", "name5": "", "name2": "", "name3": "", "name1": "Mark Smith", "sunetid2": "", "sunetid3": "", "sunetid1": "msmith", "slug": "sts", "sunetid4": "", "sunetid5": "", "kind": "SF", "budget": "", "signed_voterguide_agreement": true, "external_url": ""}}, {"pk": 4, "model": "issues.issue", "fields": {"image": "", "total_request_amount": "0", "admin_notes": "", "account_statement": "", "statement_short": "", "title": "Jane Stanford", "received_declaration": false, "petition_budget_summary": "", "petition_signatures_count": 0, "statement": "", "total_past_request_amount": "0", "public": true, "past_budget": "", "budget_summary": "", "statement_petition": "", "electorates": [8], "petition_validated": false, "name4": "", "name5": "", "name2": "", "name3": "", "name1": "Jane Stanford", "sunetid2": "", "sunetid3": "", "sunetid1": "jstanfrd", "slug": "jane-stanford", "sunetid4": "", "sunetid5": "", "kind": "SMSA-P", "budget": "", "signed_voterguide_agreement": true, "external_url": ""}}, {"pk": 5, "model": "issues.issue", "fields": {"image": "", "total_request_amount": "0", "admin_notes": "", "account_statement": "", "statement_short": "", "title": "Mary Smith", "received_declaration": false, "petition_budget_summary": "", "petition_signatures_count": 0, "statement": "", "total_past_request_amount": "0", "public": true, "past_budget": "", "budget_summary": "", "statement_petition": "", "electorates": [8], "petition_validated": false, "name4": "", "name5": "", "name2": "", "name3": "", "name1": "Mary Smith", "sunetid2": "", "sunetid3": "", "sunetid1": "msmith", "slug": "mary-smith", "sunetid4": "", "sunetid5": "", "kind": "SMSA-VP", "budget": "", "signed_voterguide_agreement": true, "external_url": ""}}, {"pk": 7, "model": "issues.issue", "fields": {"image": "public/issue_images/larry-david__.jpg", "total_request_amount": "0", "admin_notes": "", "account_statement": "", "statement_short": "", "title": "Larry David", "received_declaration": false, "petition_budget_summary": "", "petition_signatures_count": 0, "statement": "Hello! I am excited to serve my fellow SMSA classmates.\r\n\r\nI am a 2nd-year med student from California.", "total_past_request_amount": "0", "public": true, "past_budget": "", "budget_summary": "", "statement_petition": "", "electorates": [8], "petition_validated": false, "name4": "", "name5": "", "name2": "", "name3": "", "name1": "Larry David", "sunetid2": "", "sunetid3": "", "sunetid1": "ldavid", "slug": "larry-david", "sunetid4": "", "sunetid5": "", "kind": "SMSA-T", "budget": "", "signed_voterguide_agreement": true, "external_url": ""}}, {"pk": 9, "model": "issues.issue", "fields": {"image": "", "total_request_amount": "0", "admin_notes": "", "account_statement": "", "statement_short": "", "title": "Bart Simpson", "received_declaration": false, "petition_budget_summary": "", "petition_signatures_count": 0, "statement": "", "total_past_request_amount": "0", "public": true, "past_budget": "", "budget_summary": "", "statement_petition": "", "electorates": [10], "petition_validated": false, "name4": "", "name5": "", "name2": "", "name3": "", "name1": "Bart Simpson", "sunetid2": "", "sunetid3": "", "sunetid1": "bsimpson", "slug": "bart-simpson", "sunetid4": "", "sunetid5": "", "kind": "SMSA-ClassRep", "budget": "", "signed_voterguide_agreement": true, "external_url": ""}}, {"pk": 10, "model": "issues.issue", "fields": {"image": "", "total_request_amount": "0", "admin_notes": "", "account_statement": "", "statement_short": "", "title": "Monty Burns", "received_declaration": false, "petition_budget_summary": "", "petition_signatures_count": 0, "statement": "", "total_past_request_amount": "0", "public": true, "past_budget": "", "budget_summary": "", "statement_petition": "", "electorates": [11], "petition_validated": false, "name4": "", "name5": "", "name2": "", "name3": "", "name1": "Monty Burns", "sunetid2": "", "sunetid3": "", "sunetid1": "mburns", "slug": "monty-burns", "sunetid4": "", "sunetid5": "", "kind": "SMSA-ClassRep", "budget": "", "signed_voterguide_agreement": true, "external_url": ""}}, {"pk": 11, "model": "issues.issue", "fields": {"image": "", "total_request_amount": "0", "admin_notes": "", "account_statement": "", "statement_short": "", "title": "Ned Flanders", "received_declaration": false, "petition_budget_summary": "", "petition_signatures_count": 0, "statement": "", "total_past_request_amount": "0", "public": true, "past_budget": "", "budget_summary": "", "statement_petition": "", "electorates": [12], "petition_validated": false, "name4": "", "name5": "", "name2": "", "name3": "", "name1": "Ned Flanders", "sunetid2": "", "sunetid3": "", "sunetid1": "nflanders", "slug": "ned-flanders", "sunetid4": "", "sunetid5": "", "kind": "SMSA-ClassRep", "budget": "", "signed_voterguide_agreement": true, "external_url": ""}}, {"pk": 12, "model": "issues.issue", "fields": {"image": "", "total_request_amount": "0", "admin_notes": "", "account_statement": "", "statement_short": "", "title": "Michael Bluth", "received_declaration": false, "petition_budget_summary": "", "petition_signatures_count": 0, "statement": "", "total_past_request_amount": "0", "public": true, "past_budget": "", "budget_summary": "", "statement_petition": "", "electorates": [13], "petition_validated": false, "name4": "", "name5": "", "name2": "", "name3": "", "name1": "Michael Bluth", "sunetid2": "", "sunetid3": "", "sunetid1": "mbluth", "slug": "michael-bluth", "sunetid4": "", "sunetid5": "", "kind": "SMSA-ClassRep", "budget": "", "signed_voterguide_agreement": true, "external_url": ""}}, {"pk": 13, "model": "issues.issue", "fields": {"image": "", "total_request_amount": "0", "admin_notes": "", "account_statement": "", "statement_short": "", "title": "George Costanza", "received_declaration": false, "petition_budget_summary": "", "petition_signatures_count": 0, "statement": "", "total_past_request_amount": "0", "public": true, "past_budget": "", "budget_summary": "", "statement_petition": "", "electorates": [14], "petition_validated": false, "name4": "", "name5": "", "name2": "", "name3": "", "name1": "George Costanza", "sunetid2": "", "sunetid3": "", "sunetid1": "gconstnz", "slug": "george-costanza", "sunetid4": "", "sunetid5": "", "kind": "SMSA-SocChair", "budget": "", "signed_voterguide_agreement": true, "external_url": ""}}, {"pk": 14, "model": "issues.issue", "fields": {"image": "", "total_request_amount": "0", "admin_notes": "", "account_statement": "", "statement_short": "", "title": "Jerry Lewis", "received_declaration": false, "petition_budget_summary": "", "petition_signatures_count": 0, "statement": "", "total_past_request_amount": "0", "public": true, "past_budget": "", "budget_summary": "", "statement_petition": "", "electorates": [15], "petition_validated": false, "name4": "", "name5": "", "name2": "", "name3": "", "name1": "Jerry Lewis", "sunetid2": "", "sunetid3": "", "sunetid1": "jlewis", "slug": "jerry-lewis", "sunetid4": "", "sunetid5": "", "kind": "SMSA-SocChair", "budget": "", "signed_voterguide_agreement": true, "external_url": ""}}, {"pk": 15, "model": "issues.issue", "fields": {"image": "", "total_request_amount": "0", "admin_notes": "", "account_statement": "", "statement_short": "", "title": "Kevin Spacey", "received_declaration": false, "petition_budget_summary": "", "petition_signatures_count": 0, "statement": "", "total_past_request_amount": "0", "public": true, "past_budget": "", "budget_summary": "", "statement_petition": "", "electorates": [16], "petition_validated": false, "name4": "", "name5": "", "name2": "", "name3": "", "name1": "Kevin Spacey", "sunetid2": "", "sunetid3": "", "sunetid1": "kspacey", "slug": "kevin-spacey", "sunetid4": "", "sunetid5": "", "kind": "SMSA-CCAP", "budget": "", "signed_voterguide_agreement": true, "external_url": ""}}, {"pk": 16, "model": "issues.issue", "fields": {"image": "", "total_request_amount": "0", "admin_notes": "", "account_statement": "", "statement_short": "", "title": "Timothy Geithner", "received_declaration": false, "petition_budget_summary": "", "petition_signatures_count": 0, "statement": "", "total_past_request_amount": "0", "public": true, "past_budget": "", "budget_summary": "", "statement_petition": "", "electorates": [14], "petition_validated": false, "name4": "", "name5": "", "name2": "", "name3": "", "name1": "Timothy Geithner", "sunetid2": "", "sunetid3": "", "sunetid1": "tgeithner", "slug": "timothy-geithner", "sunetid4": "", "sunetid5": "", "kind": "SMSA-CCAP", "budget": "", "signed_voterguide_agreement": true, "external_url": ""}}, {"pk": 17, "model": "issues.issue", "fields": {"image": "", "total_request_amount": "0", "admin_notes": "", "account_statement": "", "statement_short": "", "title": "Joe Biden", "received_declaration": false, "petition_budget_summary": "", "petition_signatures_count": 0, "statement": "", "total_past_request_amount": "0", "public": true, "past_budget": "", "budget_summary": "", "statement_petition": "", "electorates": [15], "petition_validated": false, "name4": "", "name5": "", "name2": "", "name3": "", "name1": "Joe Biden", "sunetid2": "", "sunetid3": "", "sunetid1": "jbiden", "slug": "joe-biden", "sunetid4": "", "sunetid5": "", "kind": "SMSA-CCAP", "budget": "", "signed_voterguide_agreement": true, "external_url": ""}}, {"pk": 19, "model": "issues.issue", "fields": {"image": "", "total_request_amount": "0", "admin_notes": "", "account_statement": "", "statement_short": "", "title": "John Kerry", "received_declaration": false, "petition_budget_summary": "", "petition_signatures_count": 0, "statement": "", "total_past_request_amount": "0", "public": true, "past_budget": "", "budget_summary": "", "statement_petition": "", "electorates": [14], "petition_validated": false, "name4": "", "name5": "", "name2": "", "name3": "", "name1": "John Kerry", "sunetid2": "", "sunetid3": "", "sunetid1": "jkerry", "slug": "john-kerry", "sunetid4": "", "sunetid5": "", "kind": "SMSA-PAC", "budget": "", "signed_voterguide_agreement": true, "external_url": ""}}, {"pk": 20, "model": "issues.issue", "fields": {"image": "", "total_request_amount": "0", "admin_notes": "", "account_statement": "", "statement_short": "", "title": "Howard Dean", "received_declaration": false, "petition_budget_summary": "", "petition_signatures_count": 0, "statement": "", "total_past_request_amount": "0", "public": true, "past_budget": "", "budget_summary": "", "statement_petition": "", "electorates": [8], "petition_validated": false, "name4": "", "name5": "", "name2": "", "name3": "", "name1": "Howard Dean", "sunetid2": "", "sunetid3": "", "sunetid1": "hdean", "slug": "howard-dean", "sunetid4": "", "sunetid5": "", "kind": "SMSA-MC", "budget": "", "signed_voterguide_agreement": true, "external_url": ""}}, {"pk": 21, "model": "issues.issue", "fields": {"image": "", "total_request_amount": "0", "admin_notes": "", "account_statement": "", "statement_short": "", "title": "John Q. Private", "received_declaration": false, "petition_budget_summary": "", "petition_signatures_count": 0, "statement": "", "total_past_request_amount": "0", "public": false, "past_budget": "", "budget_summary": "", "statement_petition": "", "electorates": [1], "petition_validated": false, "name4": "", "name5": "", "name2": "", "name3": "", "name1": "John Q. Private", "sunetid2": "", "sunetid3": "", "sunetid1": "jqprivate", "slug": "john-q-private", "sunetid4": "", "sunetid5": "", "kind": "US", "budget": "", "signed_voterguide_agreement": true, "external_url": ""}}, {"pk": 22, "model": "issues.issue", "fields": {"image": "", "total_request_amount": "0", "admin_notes": "", "account_statement": "", "statement_short": "", "title": "Bill Clinton", "received_declaration": false, "petition_budget_summary": "", "petition_signatures_count": 0, "statement": "", "total_past_request_amount": "0", "public": true, "past_budget": "", "budget_summary": "", "statement_petition": "", "electorates": [24], "petition_validated": false, "name4": "", "name5": "", "name2": "", "name3": "", "name1": "Bill Clinton", "sunetid2": "", "sunetid3": "", "sunetid1": "bclinton", "slug": "bill-clinton", "sunetid4": "", "sunetid5": "", "kind": "GSC", "budget": "", "signed_voterguide_agreement": true, "external_url": ""}}, {"pk": 25, "model": "issues.issue", "fields": {"image": "", "total_request_amount": "0", "admin_notes": "", "account_statement": "", "statement_short": "", "title": "Stanford Joint Society", "received_declaration": false, "petition_budget_summary": "", "petition_signatures_count": 0, "statement": "", "total_past_request_amount": "0", "public": true, "past_budget": "", "budget_summary": "", "statement_petition": "", "electorates": [1, 2, 3], "petition_validated": false, "name4": "", "name5": "", "name2": "", "name3": "", "name1": "Mark Sanford", "sunetid2": "", "sunetid3": "", "sunetid1": "msanford", "slug": "stanford-joint-society", "sunetid4": "", "sunetid5": "", "kind": "SF", "budget": "", "signed_voterguide_agreement": true, "external_url": ""}}, {"pk": 26, "model": "issues.issue", "fields": {"image": "", "total_request_amount": "0", "admin_notes": "", "account_statement": "", "statement_short": "", "title": "Rahm Emanuel", "received_declaration": false, "petition_budget_summary": "", "petition_signatures_count": 0, "statement": "", "total_past_request_amount": "0", "public": true, "past_budget": "", "budget_summary": "", "statement_petition": "", "electorates": [15], "petition_validated": false, "name4": "", "name5": "", "name2": "", "name3": "", "name1": "Rahm Emanuel", "sunetid2": "", "sunetid3": "", "sunetid1": "remanuel", "slug": "rahm-emanuel", "sunetid4": "", "sunetid5": "", "kind": "SMSA-PAC", "budget": "", "signed_voterguide_agreement": true, "external_url": ""}}, {"pk": 27, "model": "issues.issue", "fields": {"image": "", "total_request_amount": "0", "admin_notes": "", "account_statement": "", "statement_short": "", "title": "Hillary Clinton", "received_declaration": false, "petition_budget_summary": "", "petition_signatures_count": 0, "statement": "", "total_past_request_amount": "0", "public": true, "past_budget": "", "budget_summary": "", "statement_petition": "", "electorates": [10], "petition_validated": false, "name4": "", "name5": "", "name2": "", "name3": "", "name1": "Hillary Clinton", "sunetid2": "", "sunetid3": "", "sunetid1": "hclinton", "slug": "hillary-clinton", "sunetid4": "", "sunetid5": "", "kind": "SMSA-PSRC", "budget": "", "signed_voterguide_agreement": true, "external_url": ""}}, {"pk": 28, "model": "issues.issue", "fields": {"image": "", "total_request_amount": "0", "admin_notes": "", "account_statement": "", "statement_short": "", "title": "Jason Yang", "received_declaration": false, "petition_budget_summary": "", "petition_signatures_count": 0, "statement": "", "total_past_request_amount": "0", "public": true, "past_budget": "", "budget_summary": "", "statement_petition": "", "electorates": [15], "petition_validated": false, "name4": "", "name5": "", "name2": "", "name3": "", "name1": "Jason Yang", "sunetid2": "", "sunetid3": "", "sunetid1": "sqs", "slug": "jyang", "sunetid4": "", "sunetid5": "", "kind": "SMSA-PAC", "budget": "", "signed_voterguide_agreement": true, "external_url": ""}}, {"pk": 29, "model": "issues.issue", "fields": {"image": "", "total_request_amount": "0", "admin_notes": "", "account_statement": "", "statement_short": "", "title": "Kobe Bryant", "received_declaration": false, "petition_budget_summary": "", "petition_signatures_count": 0, "statement": "", "total_past_request_amount": "0", "public": true, "past_budget": "", "budget_summary": "", "statement_petition": "", "electorates": [8], "petition_validated": false, "name4": "", "name5": "", "name2": "", "name3": "", "name1": "Kobe Bryant", "sunetid2": "", "sunetid3": "", "sunetid1": "kbryant", "slug": "kobe-bryant", "sunetid4": "", "sunetid5": "", "kind": "SMSA-OSS-OSR", "budget": "", "signed_voterguide_agreement": true, "external_url": ""}}, {"pk": 30, "model": "issues.issue", "fields": {"image": "", "total_request_amount": "0", "admin_notes": "", "account_statement": "", "statement_short": "", "title": "Michael Jordan", "received_declaration": false, "petition_budget_summary": "", "petition_signatures_count": 0, "statement": "", "total_past_request_amount": "0", "public": true, "past_budget": "", "budget_summary": "", "statement_petition": "", "electorates": [8], "petition_validated": false, "name4": "", "name5": "", "name2": "", "name3": "", "name1": "Michael Jordan", "sunetid2": "", "sunetid3": "", "sunetid1": "mjordan", "slug": "michael-jordan", "sunetid4": "", "sunetid5": "", "kind": "SMSA-CSAC", "budget": "", "signed_voterguide_agreement": true, "external_url": ""}}, {"pk": 31, "model": "issues.issue", "fields": {"image": "", "total_request_amount": "0", "admin_notes": "", "account_statement": "", "statement_short": "", "title": "Jimmy Carter", "received_declaration": false, "petition_budget_summary": "", "petition_signatures_count": 0, "statement": "", "total_past_request_amount": "0", "public": true, "past_budget": "", "budget_summary": "", "statement_petition": "", "electorates": [8], "petition_validated": false, "name4": "", "name5": "", "name2": "", "name3": "", "name1": "Jimmy Carter", "sunetid2": "", "sunetid3": "", "sunetid1": "jcarter", "slug": "jimmy-carter", "sunetid4": "", "sunetid5": "", "kind": "SMSA-ExecP", "budget": "", "signed_voterguide_agreement": true, "external_url": ""}}, {"pk": 32, "model": "issues.issue", "fields": {"image": "", "total_request_amount": "0", "admin_notes": "", "account_statement": "", "statement_short": "", "title": "Gail Collins", "received_declaration": false, "petition_budget_summary": "", "petition_signatures_count": 0, "statement": "", "total_past_request_amount": "0", "public": true, "past_budget": "", "budget_summary": "", "statement_petition": "", "electorates": [1], "petition_validated": false, "name4": "", "name5": "", "name2": "", "name3": "", "name1": "Gail Collins", "sunetid2": "", "sunetid3": "", "sunetid1": "gcollins", "slug": "gail-collins", "sunetid4": "", "sunetid5": "", "kind": "US", "budget": "", "signed_voterguide_agreement": true, "external_url": ""}}, {"pk": 33, "model": "issues.issue", "fields": {"image": "", "total_request_amount": "0", "admin_notes": "", "account_statement": "", "statement_short": "SowellStatement", "title": "Thomas Sowell", "received_declaration": false, "petition_budget_summary": "", "petition_signatures_count": 0, "statement": "", "total_past_request_amount": "0", "public": true, "past_budget": "", "budget_summary": "", "statement_petition": "", "electorates": [1], "petition_validated": false, "name4": "", "name5": "", "name2": "", "name3": "", "name1": "Thomas Sowell", "sunetid2": "", "sunetid3": "", "sunetid1": "tsowell", "slug": "thomas-sowell", "sunetid4": "", "sunetid5": "", "kind": "US", "budget": "", "signed_voterguide_agreement": true, "external_url": "http://example.com"}}, {"pk": 34, "model": "issues.issue", "fields": {"image": "", "total_request_amount": "0", "admin_notes": "", "account_statement": "", "statement_short": "", "title": "David Petraeus", "received_declaration": false, "petition_budget_summary": "", "petition_signatures_count": 0, "statement": "", "total_past_request_amount": "0", "public": true, "past_budget": "", "budget_summary": "", "statement_petition": "", "electorates": [1], "petition_validated": false, "name4": "", "name5": "", "name2": "", "name3": "", "name1": "David Petraeus", "sunetid2": "", "sunetid3": "", "sunetid1": "petraeus", "slug": "david-petraeus", "sunetid4": "", "sunetid5": "", "kind": "US", "budget": "", "signed_voterguide_agreement": true, "external_url": ""}}, {"pk": 35, "model": "issues.issue", "fields": {"image": "", "total_request_amount": "0", "admin_notes": "", "account_statement": "", "statement_short": "", "title": "Ramesh Ponnuru", "received_declaration": false, "petition_budget_summary": "", "petition_signatures_count": 0, "statement": "", "total_past_request_amount": "0", "public": true, "past_budget": "", "budget_summary": "", "statement_petition": "", "electorates": [1], "petition_validated": false, "name4": "", "name5": "", "name2": "", "name3": "", "name1": "Ramesh", "sunetid2": "", "sunetid3": "", "sunetid1": "Ponnuru", "slug": "ramesh-ponnuru", "sunetid4": "", "sunetid5": "", "kind": "US", "budget": "", "signed_voterguide_agreement": true, "external_url": ""}}, {"pk": 36, "model": "issues.issue", "fields": {"image": "", "total_request_amount": "0", "admin_notes": "", "account_statement": "", "statement_short": "", "title": "Thomas Friedman", "received_declaration": false, "petition_budget_summary": "", "petition_signatures_count": 0, "statement": "", "total_past_request_amount": "0", "public": true, "past_budget": "", "budget_summary": "", "statement_petition": "", "electorates": [1], "petition_validated": false, "name4": "", "name5": "", "name2": "", "name3": "", "name1": "Thomas Friedman", "sunetid2": "", "sunetid3": "", "sunetid1": "friedman", "slug": "thomas-friedman", "sunetid4": "", "sunetid5": "", "kind": "US", "budget": "", "signed_voterguide_agreement": true, "external_url": ""}}, {"pk": 37, "model": "issues.issue", "fields": {"image": "", "total_request_amount": "0", "admin_notes": "", "account_statement": "", "statement_short": "", "title": "William Kristol", "received_declaration": false, "petition_budget_summary": "", "petition_signatures_count": 0, "statement": "", "total_past_request_amount": "0", "public": true, "past_budget": "", "budget_summary": "", "statement_petition": "", "electorates": [1], "petition_validated": false, "name4": "", "name5": "", "name2": "", "name3": "", "name1": "William Kristol", "sunetid2": "", "sunetid3": "", "sunetid1": "kristol", "slug": "william-kristol", "sunetid4": "", "sunetid5": "", "kind": "US", "budget": "", "signed_voterguide_agreement": true, "external_url": ""}}, {"pk": 38, "model": "issues.issue", "fields": {"image": "", "total_request_amount": "0", "admin_notes": "", "account_statement": "", "statement_short": "", "title": "Nicholas Kristof", "received_declaration": false, "petition_budget_summary": "", "petition_signatures_count": 0, "statement": "", "total_past_request_amount": "0", "public": true, "past_budget": "", "budget_summary": "", "statement_petition": "", "electorates": [1], "petition_validated": false, "name4": "", "name5": "", "name2": "", "name3": "", "name1": "Nicholas Kristof", "sunetid2": "", "sunetid3": "", "sunetid1": "kristof", "slug": "nicholas-kristof", "sunetid4": "", "sunetid5": "", "kind": "US", "budget": "", "signed_voterguide_agreement": true, "external_url": ""}}, {"pk": 39, "model": "issues.issue", "fields": {"image": "", "total_request_amount": "0", "admin_notes": "", "account_statement": "", "statement_short": "", "title": "Paul Krugman", "received_declaration": false, "petition_budget_summary": "", "petition_signatures_count": 0, "statement": "", "total_past_request_amount": "0", "public": true, "past_budget": "", "budget_summary": "", "statement_petition": "", "electorates": [1], "petition_validated": false, "name4": "", "name5": "", "name2": "", "name3": "", "name1": "Paul Krugman", "sunetid2": "", "sunetid3": "", "sunetid1": "pkrugman", "slug": "paul-krugman", "sunetid4": "", "sunetid5": "", "kind": "US", "budget": "", "signed_voterguide_agreement": true, "external_url": ""}}, {"pk": 40, "model": "issues.issue", "fields": {"image": "", "total_request_amount": "0", "admin_notes": "", "account_statement": "", "statement_short": "", "title": "Ben Bernanke", "received_declaration": false, "petition_budget_summary": "", "petition_signatures_count": 0, "statement": "", "total_past_request_amount": "0", "public": true, "past_budget": "", "budget_summary": "", "statement_petition": "", "electorates": [1], "petition_validated": false, "name4": "", "name5": "", "name2": "", "name3": "", "name1": "Ben Bernanke", "sunetid2": "", "sunetid3": "", "sunetid1": "bernanke", "slug": "ben-bernanke", "sunetid4": "", "sunetid5": "", "kind": "US", "budget": "", "signed_voterguide_agreement": true, "external_url": ""}}, {"pk": 41, "model": "issues.issue", "fields": {"image": "", "total_request_amount": "0", "admin_notes": "", "account_statement": "", "statement_short": "", "title": "Marge Simpson", "received_declaration": false, "petition_budget_summary": "", "petition_signatures_count": 0, "statement": "", "total_past_request_amount": "0", "public": true, "past_budget": "", "budget_summary": "", "statement_petition": "", "electorates": [1], "petition_validated": false, "name4": "", "name5": "", "name2": "", "name3": "", "name1": "Marge Simpson", "sunetid2": "", "sunetid3": "", "sunetid1": "msimpson", "slug": "msimpson", "sunetid4": "", "sunetid5": "", "kind": "US", "budget": "", "signed_voterguide_agreement": true, "external_url": ""}}, {"pk": 42, "model": "issues.issue", "fields": {"image": "", "total_request_amount": "0", "admin_notes": "", "account_statement": "", "statement_short": "", "title": "Lisa Simpson", "received_declaration": false, "petition_budget_summary": "", "petition_signatures_count": 0, "statement": "", "total_past_request_amount": "0", "public": true, "past_budget": "", "budget_summary": "", "statement_petition": "", "electorates": [1], "petition_validated": false, "name4": "", "name5": "", "name2": "", "name3": "", "name1": "Lisa Simpson", "sunetid2": "", "sunetid3": "", "sunetid1": "lsimpson", "slug": "lisa-simpson", "sunetid4": "", "sunetid5": "", "kind": "US", "budget": "", "signed_voterguide_agreement": true, "external_url": ""}}, {"pk": 43, "model": "issues.issue", "fields": {"image": "", "total_request_amount": "0", "admin_notes": "", "account_statement": "", "statement_short": "", "title": "Herbert Hoover", "received_declaration": false, "petition_budget_summary": "", "petition_signatures_count": 0, "statement": "", "total_past_request_amount": "0", "public": true, "past_budget": "", "budget_summary": "", "statement_petition": "", "electorates": [1], "petition_validated": false, "name4": "", "name5": "", "name2": "", "name3": "", "name1": "Herbert Hoover", "sunetid2": "", "sunetid3": "", "sunetid1": "hoover", "slug": "herbert-hoover", "sunetid4": "", "sunetid5": "", "kind": "US", "budget": "", "signed_voterguide_agreement": true, "external_url": ""}}, {"pk": 44, "model": "issues.issue", "fields": {"image": "", "total_request_amount": "0", "admin_notes": "", "account_statement": "", "statement_short": "", "title": "William Safire", "received_declaration": false, "petition_budget_summary": "", "petition_signatures_count": 0, "statement": "", "total_past_request_amount": "0", "public": true, "past_budget": "", "budget_summary": "", "statement_petition": "", "electorates": [1], "petition_validated": false, "name4": "", "name5": "", "name2": "", "name3": "", "name1": "William Safire", "sunetid2": "", "sunetid3": "", "sunetid1": "safire", "slug": "william-safire", "sunetid4": "", "sunetid5": "", "kind": "US", "budget": "", "signed_voterguide_agreement": true, "external_url": ""}}, {"pk": 45, "model": "issues.issue", "fields": {"image": "", "total_request_amount": "0", "admin_notes": "", "account_statement": "", "statement_short": "", "title": "John F. Kennedy", "received_declaration": false, "petition_budget_summary": "", "petition_signatures_count": 0, "statement": "", "total_past_request_amount": "0", "public": true, "past_budget": "", "budget_summary": "", "statement_petition": "", "electorates": [1], "petition_validated": false, "name4": "", "name5": "", "name2": "", "name3": "", "name1": "John F. Kennedy", "sunetid2": "", "sunetid3": "", "sunetid1": "jfk", "slug": "john-f-kennedy", "sunetid4": "", "sunetid5": "", "kind": "US", "budget": "", "signed_voterguide_agreement": true, "external_url": ""}}, {"pk": 46, "model": "issues.issue", "fields": {"image": "", "total_request_amount": "0", "admin_notes": "", "account_statement": "", "statement_short": "", "title": "Adlai Stevenson", "received_declaration": false, "petition_budget_summary": "", "petition_signatures_count": 0, "statement": "", "total_past_request_amount": "0", "public": true, "past_budget": "", "budget_summary": "", "statement_petition": "", "electorates": [1], "petition_validated": false, "name4": "", "name5": "", "name2": "", "name3": "", "name1": "Adlai Stevenson", "sunetid2": "", "sunetid3": "", "sunetid1": "adlai", "slug": "adlai-stevenson", "sunetid4": "", "sunetid5": "", "kind": "US", "budget": "", "signed_voterguide_agreement": true, "external_url": ""}}, {"pk": 47, "model": "issues.issue", "fields": {"image": "", "total_request_amount": "0", "admin_notes": "", "account_statement": "", "statement_short": "**Short hello**, my name is Frank.", "title": "Frank Rich", "received_declaration": false, "petition_budget_summary": "", "petition_signatures_count": 0, "statement": "**Hello**, my name is Frank.", "total_past_request_amount": "0", "public": true, "past_budget": "", "budget_summary": "", "statement_petition": "", "electorates": [1], "petition_validated": false, "name4": "", "name5": "", "name2": "", "name3": "", "name1": "Frank Rich", "sunetid2": "", "sunetid3": "", "sunetid1": "frich", "slug": "frank-rich", "sunetid4": "", "sunetid5": "", "kind": "US", "budget": "", "signed_voterguide_agreement": true, "external_url": ""}}, {"pk": 48, "model": "issues.issue", "fields": {"image": "", "total_request_amount": "0", "admin_notes": "", "account_statement": "", "statement_short": "", "title": "Doctor House", "received_declaration": false, "petition_budget_summary": "", "petition_signatures_count": 0, "statement": "", "total_past_request_amount": "0", "public": true, "past_budget": "", "budget_summary": "", "statement_petition": "", "electorates": [26], "petition_validated": false, "name4": "", "name5": "", "name2": "", "name3": "", "name1": "Doctor House", "sunetid2": "", "sunetid3": "", "sunetid1": "house", "slug": "house", "sunetid4": "", "sunetid5": "", "kind": "SMSA-CCAP", "budget": "", "signed_voterguide_agreement": true, "external_url": ""}}, {"pk": 49, "model": "issues.issue", "fields": {"image": "", "total_request_amount": "0", "admin_notes": "", "account_statement": "", "statement_short": "", "title": "Obama/Biden", "received_declaration": true, "petition_budget_summary": "", "petition_signatures_count": 0, "statement": "", "total_past_request_amount": "0", "public": true, "past_budget": "", "budget_summary": "", "statement_petition": "", "electorates": [27], "petition_validated": true, "name4": "", "name5": "", "name2": "Joe Biden", "name3": "", "name1": "Barack Obama", "sunetid2": "bidenj", "sunetid3": "", "sunetid1": "obama", "slug": "obama-biden", "sunetid4": "", "sunetid5": "", "kind": "Exec", "budget": "", "signed_voterguide_agreement": true, "external_url": ""}}, {"pk": 50, "model": "issues.issue", "fields": {"image": "", "total_request_amount": "0", "admin_notes": "", "account_statement": "", "statement_short": "", "title": "McCain/Palin", "received_declaration": true, "petition_budget_summary": "", "petition_signatures_count": 0, "statement": "", "total_past_request_amount": "0", "public": true, "past_budget": "", "budget_summary": "", "statement_petition": "", "electorates": [27], "petition_validated": true, "name4": "", "name5": "", "name2": "Sarah Palin", "name3": "", "name1": "John McCain", "sunetid2": "spalin", "sunetid3": "", "sunetid1": "mccain", "slug": "mccain-palin", "sunetid4": "", "sunetid5": "", "kind": "Exec", "budget": "", "signed_voterguide_agreement": true, "external_url": ""}}, {"pk": 51, "model": "issues.issue", "fields": {"image": "", "total_request_amount": "0", "admin_notes": "", "account_statement": "", "statement_short": "", "title": "Clinton/Bloomberg", "received_declaration": true, "petition_budget_summary": "", "petition_signatures_count": 0, "statement": "", "total_past_request_amount": "0", "public": true, "past_budget": "", "budget_summary": "", "statement_petition": "", "electorates": [27], "petition_validated": true, "name4": "", "name5": "", "name2": "Mike Bloomberg", "name3": "", "name1": "Bill Clinton", "sunetid2": "mikeb", "sunetid3": "", "sunetid1": "bclinton", "slug": "clinton-bloomberg", "sunetid4": "", "sunetid5": "", "kind": "Exec", "budget": "", "signed_voterguide_agreement": true, "external_url": ""}}, {"pk": 1, "model": "petitions.signature", "fields": {"signed_at": "2010-02-16 10:21:58", "name": "John Smith", "issue": 1, "sunetid": "jsmith", "electorate": 1, "ip_address": ""}}, {"pk": 2, "model": "petitions.signature", "fields": {"signed_at": "2010-03-01 04:47:55", "name": "X. Y. Zhang", "issue": 25, "sunetid": "xyzhang", "electorate": 1, "ip_address": ""}}, {"pk": 1, "model": "ballot.ballot", "fields": {"voter_id": "frosh1", "votes_gsc_district": [], "votes_classpres": [], "electorates": "assu,undergrad-2,undergrad", "votes_specfee_yes": [], "votes_exec": [1, 2], "votes_senate": [39, 43], "votes_specfee_no": [], "votes_gsc_atlarge": []}}, {"pk": 2, "model": "ballot.ballot", "fields": {"voter_id": "grad1-eng", "votes_gsc_district": [], "votes_classpres": [], "electorates": "assu,grad,gsc-eng", "votes_specfee_yes": [], "votes_exec": [], "votes_senate": [], "votes_specfee_no": [], "votes_gsc_atlarge": []}}]
