[{"pk": 22, "model": "auth.permission", "fields": {"codename": "add_logentry", "name": "Can add log entry", "content_type": 8}}, {"pk": 23, "model": "auth.permission", "fields": {"codename": "change_logentry", "name": "Can change log entry", "content_type": 8}}, {"pk": 24, "model": "auth.permission", "fields": {"codename": "delete_logentry", "name": "Can delete log entry", "content_type": 8}}, {"pk": 4, "model": "auth.permission", "fields": {"codename": "add_group", "name": "Can add group", "content_type": 2}}, {"pk": 10, "model": "auth.permission", "fields": {"codename": "add_message", "name": "Can add message", "content_type": 4}}, {"pk": 1, "model": "auth.permission", "fields": {"codename": "add_permission", "name": "Can add permission", "content_type": 1}}, {"pk": 7, "model": "auth.permission", "fields": {"codename": "add_user", "name": "Can add user", "content_type": 3}}, {"pk": 5, "model": "auth.permission", "fields": {"codename": "change_group", "name": "Can change group", "content_type": 2}}, {"pk": 11, "model": "auth.permission", "fields": {"codename": "change_message", "name": "Can change message", "content_type": 4}}, {"pk": 2, "model": "auth.permission", "fields": {"codename": "change_permission", "name": "Can change permission", "content_type": 1}}, {"pk": 8, "model": "auth.permission", "fields": {"codename": "change_user", "name": "Can change user", "content_type": 3}}, {"pk": 6, "model": "auth.permission", "fields": {"codename": "delete_group", "name": "Can delete group", "content_type": 2}}, {"pk": 12, "model": "auth.permission", "fields": {"codename": "delete_message", "name": "Can delete message", "content_type": 4}}, {"pk": 3, "model": "auth.permission", "fields": {"codename": "delete_permission", "name": "Can delete permission", "content_type": 1}}, {"pk": 9, "model": "auth.permission", "fields": {"codename": "delete_user", "name": "Can delete user", "content_type": 3}}, {"pk": 73, "model": "auth.permission", "fields": {"codename": "add_vote", "name": "Can add vote", "content_type": 25}}, {"pk": 74, "model": "auth.permission", "fields": {"codename": "change_vote", "name": "Can change vote", "content_type": 25}}, {"pk": 75, "model": "auth.permission", "fields": {"codename": "delete_vote", "name": "Can delete vote", "content_type": 25}}, {"pk": 13, "model": "auth.permission", "fields": {"codename": "add_contenttype", "name": "Can add content type", "content_type": 5}}, {"pk": 14, "model": "auth.permission", "fields": {"codename": "change_contenttype", "name": "Can change content type", "content_type": 5}}, {"pk": 15, "model": "auth.permission", "fields": {"codename": "delete_contenttype", "name": "Can delete content type", "content_type": 5}}, {"pk": 31, "model": "auth.permission", "fields": {"codename": "add_candidate", "name": "Can add candidate", "content_type": 10}}, {"pk": 46, "model": "auth.permission", "fields": {"codename": "add_classpresidentslate", "name": "Can add class president slate", "content_type": 10}}, {"pk": 25, "model": "auth.permission", "fields": {"codename": "add_electorate", "name": "Can add electorate", "content_type": 9}}, {"pk": 43, "model": "auth.permission", "fields": {"codename": "add_executiveslate", "name": "Can add executive slate", "content_type": 10}}, {"pk": 34, "model": "auth.permission", "fields": {"codename": "add_feerequest", "name": "Can add fee request", "content_type": 10}}, {"pk": 52, "model": "auth.permission", "fields": {"codename": "add_gsccandidate", "name": "Can add gsc candidate", "content_type": 10}}, {"pk": 28, "model": "auth.permission", "fields": {"codename": "add_issue", "name": "Can add issue", "content_type": 10}}, {"pk": 49, "model": "auth.permission", "fields": {"codename": "add_senatecandidate", "name": "Can add senate candidate", "content_type": 10}}, {"pk": 40, "model": "auth.permission", "fields": {"codename": "add_slate", "name": "Can add slate", "content_type": 10}}, {"pk": 55, "model": "auth.permission", "fields": {"codename": "add_smsacandidate", "name": "Can add smsa candidate", "content_type": 10}}, {"pk": 64, "model": "auth.permission", "fields": {"codename": "add_smsaccaprepcandidate", "name": "Can add smsaccap rep candidate", "content_type": 10}}, {"pk": 58, "model": "auth.permission", "fields": {"codename": "add_smsaclassrepcandidate", "name": "Can add smsa class rep candidate", "content_type": 10}}, {"pk": 67, "model": "auth.permission", "fields": {"codename": "add_smsapolicyandadvocacychaircandidate", "name": "Can add smsa policy and advocacy chair candidate", "content_type": 10}}, {"pk": 61, "model": "auth.permission", "fields": {"codename": "add_smsasocialchaircandidate", "name": "Can add smsa social chair candidate", "content_type": 10}}, {"pk": 37, "model": "auth.permission", "fields": {"codename": "add_specialfeerequest", "name": "Can add special fee request", "content_type": 10}}, {"pk": 32, "model": "auth.permission", "fields": {"codename": "change_candidate", "name": "Can change candidate", "content_type": 10}}, {"pk": 47, "model": "auth.permission", "fields": {"codename": "change_classpresidentslate", "name": "Can change class president slate", "content_type": 10}}, {"pk": 26, "model": "auth.permission", "fields": {"codename": "change_electorate", "name": "Can change electorate", "content_type": 9}}, {"pk": 44, "model": "auth.permission", "fields": {"codename": "change_executiveslate", "name": "Can change executive slate", "content_type": 10}}, {"pk": 35, "model": "auth.permission", "fields": {"codename": "change_feerequest", "name": "Can change fee request", "content_type": 10}}, {"pk": 53, "model": "auth.permission", "fields": {"codename": "change_gsccandidate", "name": "Can change gsc candidate", "content_type": 10}}, {"pk": 29, "model": "auth.permission", "fields": {"codename": "change_issue", "name": "Can change issue", "content_type": 10}}, {"pk": 50, "model": "auth.permission", "fields": {"codename": "change_senatecandidate", "name": "Can change senate candidate", "content_type": 10}}, {"pk": 41, "model": "auth.permission", "fields": {"codename": "change_slate", "name": "Can change slate", "content_type": 10}}, {"pk": 56, "model": "auth.permission", "fields": {"codename": "change_smsacandidate", "name": "Can change smsa candidate", "content_type": 10}}, {"pk": 65, "model": "auth.permission", "fields": {"codename": "change_smsaccaprepcandidate", "name": "Can change smsaccap rep candidate", "content_type": 10}}, {"pk": 59, "model": "auth.permission", "fields": {"codename": "change_smsaclassrepcandidate", "name": "Can change smsa class rep candidate", "content_type": 10}}, {"pk": 68, "model": "auth.permission", "fields": {"codename": "change_smsapolicyandadvocacychaircandidate", "name": "Can change smsa policy and advocacy chair candidate", "content_type": 10}}, {"pk": 62, "model": "auth.permission", "fields": {"codename": "change_smsasocialchaircandidate", "name": "Can change smsa social chair candidate", "content_type": 10}}, {"pk": 38, "model": "auth.permission", "fields": {"codename": "change_specialfeerequest", "name": "Can change special fee request", "content_type": 10}}, {"pk": 33, "model": "auth.permission", "fields": {"codename": "delete_candidate", "name": "Can delete candidate", "content_type": 10}}, {"pk": 48, "model": "auth.permission", "fields": {"codename": "delete_classpresidentslate", "name": "Can delete class president slate", "content_type": 10}}, {"pk": 27, "model": "auth.permission", "fields": {"codename": "delete_electorate", "name": "Can delete electorate", "content_type": 9}}, {"pk": 45, "model": "auth.permission", "fields": {"codename": "delete_executiveslate", "name": "Can delete executive slate", "content_type": 10}}, {"pk": 36, "model": "auth.permission", "fields": {"codename": "delete_feerequest", "name": "Can delete fee request", "content_type": 10}}, {"pk": 54, "model": "auth.permission", "fields": {"codename": "delete_gsccandidate", "name": "Can delete gsc candidate", "content_type": 10}}, {"pk": 30, "model": "auth.permission", "fields": {"codename": "delete_issue", "name": "Can delete issue", "content_type": 10}}, {"pk": 51, "model": "auth.permission", "fields": {"codename": "delete_senatecandidate", "name": "Can delete senate candidate", "content_type": 10}}, {"pk": 42, "model": "auth.permission", "fields": {"codename": "delete_slate", "name": "Can delete slate", "content_type": 10}}, {"pk": 57, "model": "auth.permission", "fields": {"codename": "delete_smsacandidate", "name": "Can delete smsa candidate", "content_type": 10}}, {"pk": 66, "model": "auth.permission", "fields": {"codename": "delete_smsaccaprepcandidate", "name": "Can delete smsaccap rep candidate", "content_type": 10}}, {"pk": 60, "model": "auth.permission", "fields": {"codename": "delete_smsaclassrepcandidate", "name": "Can delete smsa class rep candidate", "content_type": 10}}, {"pk": 69, "model": "auth.permission", "fields": {"codename": "delete_smsapolicyandadvocacychaircandidate", "name": "Can delete smsa policy and advocacy chair candidate", "content_type": 10}}, {"pk": 63, "model": "auth.permission", "fields": {"codename": "delete_smsasocialchaircandidate", "name": "Can delete smsa social chair candidate", "content_type": 10}}, {"pk": 39, "model": "auth.permission", "fields": {"codename": "delete_specialfeerequest", "name": "Can delete special fee request", "content_type": 10}}, {"pk": 70, "model": "auth.permission", "fields": {"codename": "add_signature", "name": "Can add signature", "content_type": 24}}, {"pk": 71, "model": "auth.permission", "fields": {"codename": "change_signature", "name": "Can change signature", "content_type": 24}}, {"pk": 72, "model": "auth.permission", "fields": {"codename": "delete_signature", "name": "Can delete signature", "content_type": 24}}, {"pk": 16, "model": "auth.permission", "fields": {"codename": "add_session", "name": "Can add session", "content_type": 6}}, {"pk": 17, "model": "auth.permission", "fields": {"codename": "change_session", "name": "Can change session", "content_type": 6}}, {"pk": 18, "model": "auth.permission", "fields": {"codename": "delete_session", "name": "Can delete session", "content_type": 6}}, {"pk": 19, "model": "auth.permission", "fields": {"codename": "add_site", "name": "Can add site", "content_type": 7}}, {"pk": 20, "model": "auth.permission", "fields": {"codename": "change_site", "name": "Can change site", "content_type": 7}}, {"pk": 21, "model": "auth.permission", "fields": {"codename": "delete_site", "name": "Can delete site", "content_type": 7}}, {"pk": 1, "model": "auth.user", "fields": {"username": "sqs", "first_name": "", "last_name": "", "is_active": true, "is_superuser": true, "is_staff": true, "last_login": "2010-03-19 18:01:42", "groups": [], "user_permissions": [], "password": "sha1$4daf8$de07c4ec9ac4a120788aa474167bd2a26757607d", "email": "sqs@sqs.com", "date_joined": "2010-03-03 08:19:53"}}, {"pk": 11, "model": "contenttypes.contenttype", "fields": {"model": "candidate", "name": "candidate", "app_label": "issues"}}, {"pk": 16, "model": "contenttypes.contenttype", "fields": {"model": "classpresidentslate", "name": "class president slate", "app_label": "issues"}}, {"pk": 5, "model": "contenttypes.contenttype", "fields": {"model": "contenttype", "name": "content type", "app_label": "contenttypes"}}, {"pk": 9, "model": "contenttypes.contenttype", "fields": {"model": "electorate", "name": "electorate", "app_label": "issues"}}, {"pk": 15, "model": "contenttypes.contenttype", "fields": {"model": "executiveslate", "name": "executive slate", "app_label": "issues"}}, {"pk": 12, "model": "contenttypes.contenttype", "fields": {"model": "feerequest", "name": "fee request", "app_label": "issues"}}, {"pk": 2, "model": "contenttypes.contenttype", "fields": {"model": "group", "name": "group", "app_label": "auth"}}, {"pk": 18, "model": "contenttypes.contenttype", "fields": {"model": "gsccandidate", "name": "gsc candidate", "app_label": "issues"}}, {"pk": 10, "model": "contenttypes.contenttype", "fields": {"model": "issue", "name": "issue", "app_label": "issues"}}, {"pk": 8, "model": "contenttypes.contenttype", "fields": {"model": "logentry", "name": "log entry", "app_label": "admin"}}, {"pk": 4, "model": "contenttypes.contenttype", "fields": {"model": "message", "name": "message", "app_label": "auth"}}, {"pk": 1, "model": "contenttypes.contenttype", "fields": {"model": "permission", "name": "permission", "app_label": "auth"}}, {"pk": 17, "model": "contenttypes.contenttype", "fields": {"model": "senatecandidate", "name": "senate candidate", "app_label": "issues"}}, {"pk": 6, "model": "contenttypes.contenttype", "fields": {"model": "session", "name": "session", "app_label": "sessions"}}, {"pk": 24, "model": "contenttypes.contenttype", "fields": {"model": "signature", "name": "signature", "app_label": "petitions"}}, {"pk": 7, "model": "contenttypes.contenttype", "fields": {"model": "site", "name": "site", "app_label": "sites"}}, {"pk": 14, "model": "contenttypes.contenttype", "fields": {"model": "slate", "name": "slate", "app_label": "issues"}}, {"pk": 19, "model": "contenttypes.contenttype", "fields": {"model": "smsacandidate", "name": "smsa candidate", "app_label": "issues"}}, {"pk": 20, "model": "contenttypes.contenttype", "fields": {"model": "smsaclassrepcandidate", "name": "smsa class rep candidate", "app_label": "issues"}}, {"pk": 23, "model": "contenttypes.contenttype", "fields": {"model": "smsapolicyandadvocacychaircandidate", "name": "smsa policy and advocacy chair candidate", "app_label": "issues"}}, {"pk": 21, "model": "contenttypes.contenttype", "fields": {"model": "smsasocialchaircandidate", "name": "smsa social chair candidate", "app_label": "issues"}}, {"pk": 22, "model": "contenttypes.contenttype", "fields": {"model": "smsaccaprepcandidate", "name": "smsaccap rep candidate", "app_label": "issues"}}, {"pk": 13, "model": "contenttypes.contenttype", "fields": {"model": "specialfeerequest", "name": "special fee request", "app_label": "issues"}}, {"pk": 3, "model": "contenttypes.contenttype", "fields": {"model": "user", "name": "user", "app_label": "auth"}}, {"pk": 25, "model": "contenttypes.contenttype", "fields": {"model": "vote", "name": "vote", "app_label": "ballot"}}, {"pk": "5ec0aad1e8dae847b8ebaaa41696abc7", "model": "sessions.session", "fields": {"expire_date": "2010-03-17 08:21:40", "session_data": "gAJ9cQEoVQ93ZWJhdXRoX3N1bmV0aWRxAlgDAAAAc3FzcQNVEl9hdXRoX3VzZXJfYmFja2VuZHEE\nVSlkamFuZ28uY29udHJpYi5hdXRoLmJhY2tlbmRzLk1vZGVsQmFja2VuZHEFVQ1fYXV0aF91c2Vy\nX2lkcQZLAXUuNWM5NjFiZjQ1OTliMzk5YzZlNjQ3N2EzMzg5M2NkZDQ=\n"}}, {"pk": "56ea4c84d2e3608d18526624c5bbd1bf", "model": "sessions.session", "fields": {"expire_date": "2010-04-02 18:01:42", "session_data": "gAJ9cQEoVQ93ZWJhdXRoX3N1bmV0aWRxAlgDAAAAc3FzcQNVEl9hdXRoX3VzZXJfYmFja2VuZHEE\nVSlkamFuZ28uY29udHJpYi5hdXRoLmJhY2tlbmRzLk1vZGVsQmFja2VuZHEFVQ1fYXV0aF91c2Vy\nX2lkcQZLAXUuNWM5NjFiZjQ1OTliMzk5YzZlNjQ3N2EzMzg5M2NkZDQ=\n"}}, {"pk": 1, "model": "sites.site", "fields": {"domain": "example.com", "name": "example.com"}}, {"pk": 12, "model": "admin.logentry", "fields": {"action_flag": 1, "action_time": "2010-03-19 18:02:46", "object_repr": "SMSA-CSAC: Michael Jordan", "object_id": "30", "change_message": "", "user": 1, "content_type": 10}}, {"pk": 11, "model": "admin.logentry", "fields": {"action_flag": 1, "action_time": "2010-03-19 18:02:05", "object_repr": "SMSA-OSS-OSR: Kobe Bryant", "object_id": "29", "change_message": "", "user": 1, "content_type": 10}}, {"pk": 10, "model": "admin.logentry", "fields": {"action_flag": 2, "action_time": "2010-03-11 13:37:20", "object_repr": "US: Leland Q. Senator", "object_id": "1", "change_message": "Changed bio.", "user": 1, "content_type": 10}}, {"pk": 9, "model": "admin.logentry", "fields": {"action_flag": 3, "action_time": "2010-03-11 13:05:14", "object_repr": "GSC: Jim Johnson", "object_id": "29", "change_message": "", "user": 1, "content_type": 10}}, {"pk": 8, "model": "admin.logentry", "fields": {"action_flag": 3, "action_time": "2010-03-07 09:06:05", "object_repr": "GSC: Test Jim", "object_id": "29", "change_message": "", "user": 1, "content_type": 10}}, {"pk": 7, "model": "admin.logentry", "fields": {"action_flag": 2, "action_time": "2010-03-07 08:41:28", "object_repr": "US: Leland Q. Senator", "object_id": "1", "change_message": "Changed petition_validated and petition_signatures_count.", "user": 1, "content_type": 10}}, {"pk": 6, "model": "admin.logentry", "fields": {"action_flag": 3, "action_time": "2010-03-03 09:03:12", "object_repr": "SMSA-S: fdsfdsfds", "object_id": "28", "change_message": "", "user": 1, "content_type": 10}}, {"pk": 5, "model": "admin.logentry", "fields": {"action_flag": 3, "action_time": "2010-03-03 09:03:12", "object_repr": "SMSA-SocChair: AAAAA", "object_id": "29", "change_message": "", "user": 1, "content_type": 10}}, {"pk": 4, "model": "admin.logentry", "fields": {"action_flag": 3, "action_time": "2010-03-03 09:03:05", "object_repr": "SMSA-ClassRep: ffffffeeee", "object_id": "30", "change_message": "", "user": 1, "content_type": 10}}, {"pk": 3, "model": "admin.logentry", "fields": {"action_flag": 3, "action_time": "2010-03-03 08:28:05", "object_repr": "SMSA-ClassRep: Cheryl David", "object_id": "8", "change_message": "", "user": 1, "content_type": 10}}, {"pk": 2, "model": "admin.logentry", "fields": {"action_flag": 3, "action_time": "2010-03-03 08:21:39", "object_repr": "GSC: John Smith", "object_id": "23", "change_message": "", "user": 1, "content_type": 10}}, {"pk": 1, "model": "admin.logentry", "fields": {"action_flag": 3, "action_time": "2010-03-03 08:21:39", "object_repr": "GSC: John Smith", "object_id": "24", "change_message": "", "user": 1, "content_type": 10}}, {"pk": 1, "model": "issues.electorate", "fields": {"name": "Undergrad"}}, {"pk": 2, "model": "issues.electorate", "fields": {"name": "Grad"}}, {"pk": 3, "model": "issues.electorate", "fields": {"name": "Coterm"}}, {"pk": 4, "model": "issues.electorate", "fields": {"name": "Freshman"}}, {"pk": 5, "model": "issues.electorate", "fields": {"name": "Sophomore"}}, {"pk": 6, "model": "issues.electorate", "fields": {"name": "Junior"}}, {"pk": 7, "model": "issues.electorate", "fields": {"name": "Senior"}}, {"pk": 8, "model": "issues.electorate", "fields": {"name": "SMSA"}}, {"pk": 9, "model": "issues.electorate", "fields": {"name": "SMSA 1st Year"}}, {"pk": 10, "model": "issues.electorate", "fields": {"name": "SMSA 2nd Year"}}, {"pk": 11, "model": "issues.electorate", "fields": {"name": "SMSA 3rd Year"}}, {"pk": 12, "model": "issues.electorate", "fields": {"name": "SMSA 4th Year"}}, {"pk": 13, "model": "issues.electorate", "fields": {"name": "SMSA 5th-Plus Year"}}, {"pk": 14, "model": "issues.electorate", "fields": {"name": "SMSA Pre-clinical"}}, {"pk": 15, "model": "issues.electorate", "fields": {"name": "SMSA Clinical"}}, {"pk": 16, "model": "issues.electorate", "fields": {"name": "SMSA MD-PhD"}}, {"pk": 17, "model": "issues.electorate", "fields": {"name": "School of Business"}}, {"pk": 18, "model": "issues.electorate", "fields": {"name": "School of Earth Sciences"}}, {"pk": 19, "model": "issues.electorate", "fields": {"name": "School of Education"}}, {"pk": 20, "model": "issues.electorate", "fields": {"name": "School of Engineering"}}, {"pk": 21, "model": "issues.electorate", "fields": {"name": "School of Humanities and Sciences, Humanities"}}, {"pk": 22, "model": "issues.electorate", "fields": {"name": "School of Humanities and Sciences, Natural Science"}}, {"pk": 23, "model": "issues.electorate", "fields": {"name": "School of Humanities and Sciences, Social Sciences"}}, {"pk": 24, "model": "issues.electorate", "fields": {"name": "School of Law"}}, {"pk": 25, "model": "issues.electorate", "fields": {"name": "At-Large"}}, {"pk": 1, "model": "issues.issue", "fields": {"image": "media/issue_images/larry-david.jpg", "bio_petition": "", "electorate": [1], "title": "Leland Q. Senator", "petition_signatures_count": 125, "public": true, "bio_short": "", "bio": "Hello! My name is Leland Q. Senator, and I want to reform the system. I have a number of important initiatives, including reforming the system, reforming the system, reforming the system, reforming the system, reforming the system, reforming the system, reforming the system, reforming the system, reforming the system, reforming the system, reforming the system, reforming the system, reforming the system, reforming the system, reforming the system, reforming the system, reforming the system, reforming the system, reforming the system, reforming the system, reforming the system, reforming the system, reforming the system, reforming the system, reforming the system, reforming the system, reforming the system, reforming the system, reforming the system, reforming the system, reforming the system, reforming the system, reforming the system, reforming the system, reforming the system, and reforming the system.", "budget_summary": "", "petition_validated": true, "name4": "", "name5": "", "name2": "", "name3": "", "name1": "Leland Senator", "sunetid2": "", "sunetid3": "", "sunetid1": "lsenator", "slug": "leland-senator", "sunetid4": "", "sunetid5": "", "kind": "US", "budget": ""}}, {"pk": 2, "model": "issues.issue", "fields": {"image": "", "bio_petition": "", "electorate": [5], "title": "Super Sophomores", "petition_signatures_count": 0, "public": true, "bio_short": "", "bio": "", "budget_summary": "", "petition_validated": false, "name4": "Carol Smith", "name5": "", "name2": "Alice Smith", "name3": "Bob Smith", "name1": "John Smith", "sunetid2": "asmith", "sunetid3": "bsmith", "sunetid1": "jsmith", "slug": "super-sophomores", "sunetid4": "csmith", "sunetid5": "", "kind": "ClassPres", "budget": ""}}, {"pk": 3, "model": "issues.issue", "fields": {"image": "", "bio_petition": "", "electorate": [1, 3], "title": "Stanford Test Society", "petition_signatures_count": 0, "public": true, "bio_short": "", "bio": "", "budget_summary": "BUDGET SUMMARY", "petition_validated": false, "name4": "", "name5": "", "name2": "", "name3": "", "name1": "Mark Smith", "sunetid2": "", "sunetid3": "", "sunetid1": "msmith", "slug": "sts", "sunetid4": "", "sunetid5": "", "kind": "SF", "budget": ""}}, {"pk": 4, "model": "issues.issue", "fields": {"image": "", "bio_petition": "", "electorate": [8], "title": "Jane Stanford", "petition_signatures_count": 0, "public": true, "bio_short": "", "bio": "", "budget_summary": "", "petition_validated": false, "name4": "", "name5": "", "name2": "", "name3": "", "name1": "Jane Stanford", "sunetid2": "", "sunetid3": "", "sunetid1": "jstanfrd", "slug": "jane-stanford", "sunetid4": "", "sunetid5": "", "kind": "SMSA-P", "budget": ""}}, {"pk": 5, "model": "issues.issue", "fields": {"image": "", "bio_petition": "", "electorate": [8], "title": "Mary Smith", "petition_signatures_count": 0, "public": true, "bio_short": "", "bio": "", "budget_summary": "", "petition_validated": false, "name4": "", "name5": "", "name2": "", "name3": "", "name1": "Mary Smith", "sunetid2": "", "sunetid3": "", "sunetid1": "msmith", "slug": "mary-smith", "sunetid4": "", "sunetid5": "", "kind": "SMSA-VP", "budget": ""}}, {"pk": 7, "model": "issues.issue", "fields": {"image": "public/issue_images/larry-david__.jpg", "bio_petition": "", "electorate": [8], "title": "Larry David", "petition_signatures_count": 0, "public": true, "bio_short": "", "bio": "Hello! I am excited to serve my fellow SMSA classmates.\r\n\r\nI am a 2nd-year med student from California.", "budget_summary": "", "petition_validated": false, "name4": "", "name5": "", "name2": "", "name3": "", "name1": "Larry David", "sunetid2": "", "sunetid3": "", "sunetid1": "ldavid", "slug": "larry-david", "sunetid4": "", "sunetid5": "", "kind": "SMSA-T", "budget": ""}}, {"pk": 9, "model": "issues.issue", "fields": {"image": "", "bio_petition": "", "electorate": [10], "title": "Bart Simpson", "petition_signatures_count": 0, "public": true, "bio_short": "", "bio": "", "budget_summary": "", "petition_validated": false, "name4": "", "name5": "", "name2": "", "name3": "", "name1": "Bart Simpson", "sunetid2": "", "sunetid3": "", "sunetid1": "bsimpson", "slug": "bart-simpson", "sunetid4": "", "sunetid5": "", "kind": "SMSA-ClassRep", "budget": ""}}, {"pk": 10, "model": "issues.issue", "fields": {"image": "", "bio_petition": "", "electorate": [11], "title": "Monty Burns", "petition_signatures_count": 0, "public": true, "bio_short": "", "bio": "", "budget_summary": "", "petition_validated": false, "name4": "", "name5": "", "name2": "", "name3": "", "name1": "Monty Burns", "sunetid2": "", "sunetid3": "", "sunetid1": "mburns", "slug": "monty-burns", "sunetid4": "", "sunetid5": "", "kind": "SMSA-ClassRep", "budget": ""}}, {"pk": 11, "model": "issues.issue", "fields": {"image": "", "bio_petition": "", "electorate": [12], "title": "Ned Flanders", "petition_signatures_count": 0, "public": true, "bio_short": "", "bio": "", "budget_summary": "", "petition_validated": false, "name4": "", "name5": "", "name2": "", "name3": "", "name1": "Ned Flanders", "sunetid2": "", "sunetid3": "", "sunetid1": "nflanders", "slug": "ned-flanders", "sunetid4": "", "sunetid5": "", "kind": "SMSA-ClassRep", "budget": ""}}, {"pk": 12, "model": "issues.issue", "fields": {"image": "", "bio_petition": "", "electorate": [13], "title": "Michael Bluth", "petition_signatures_count": 0, "public": true, "bio_short": "", "bio": "", "budget_summary": "", "petition_validated": false, "name4": "", "name5": "", "name2": "", "name3": "", "name1": "Michael Bluth", "sunetid2": "", "sunetid3": "", "sunetid1": "mbluth", "slug": "michael-bluth", "sunetid4": "", "sunetid5": "", "kind": "SMSA-ClassRep", "budget": ""}}, {"pk": 13, "model": "issues.issue", "fields": {"image": "", "bio_petition": "", "electorate": [14], "title": "George Costanza", "petition_signatures_count": 0, "public": true, "bio_short": "", "bio": "", "budget_summary": "", "petition_validated": false, "name4": "", "name5": "", "name2": "", "name3": "", "name1": "George Costanza", "sunetid2": "", "sunetid3": "", "sunetid1": "gconstnz", "slug": "george-costanza", "sunetid4": "", "sunetid5": "", "kind": "SMSA-SocChair", "budget": ""}}, {"pk": 14, "model": "issues.issue", "fields": {"image": "", "bio_petition": "", "electorate": [15], "title": "Jerry Lewis", "petition_signatures_count": 0, "public": true, "bio_short": "", "bio": "", "budget_summary": "", "petition_validated": false, "name4": "", "name5": "", "name2": "", "name3": "", "name1": "Jerry Lewis", "sunetid2": "", "sunetid3": "", "sunetid1": "jlewis", "slug": "jerry-lewis", "sunetid4": "", "sunetid5": "", "kind": "SMSA-SocChair", "budget": ""}}, {"pk": 15, "model": "issues.issue", "fields": {"image": "", "bio_petition": "", "electorate": [16], "title": "Kevin Spacey", "petition_signatures_count": 0, "public": true, "bio_short": "", "bio": "", "budget_summary": "", "petition_validated": false, "name4": "", "name5": "", "name2": "", "name3": "", "name1": "Kevin Spacey", "sunetid2": "", "sunetid3": "", "sunetid1": "kspacey", "slug": "kevin-spacey", "sunetid4": "", "sunetid5": "", "kind": "SMSA-CCAP", "budget": ""}}, {"pk": 16, "model": "issues.issue", "fields": {"image": "", "bio_petition": "", "electorate": [14], "title": "Timothy Geithner", "petition_signatures_count": 0, "public": true, "bio_short": "", "bio": "", "budget_summary": "", "petition_validated": false, "name4": "", "name5": "", "name2": "", "name3": "", "name1": "Timothy Geithner", "sunetid2": "", "sunetid3": "", "sunetid1": "tgeithner", "slug": "timothy-geithner", "sunetid4": "", "sunetid5": "", "kind": "SMSA-CCAP", "budget": ""}}, {"pk": 17, "model": "issues.issue", "fields": {"image": "", "bio_petition": "", "electorate": [15], "title": "Joe Biden", "petition_signatures_count": 0, "public": true, "bio_short": "", "bio": "", "budget_summary": "", "petition_validated": false, "name4": "", "name5": "", "name2": "", "name3": "", "name1": "Joe Biden", "sunetid2": "", "sunetid3": "", "sunetid1": "jbiden", "slug": "joe-biden", "sunetid4": "", "sunetid5": "", "kind": "SMSA-CCAP", "budget": ""}}, {"pk": 19, "model": "issues.issue", "fields": {"image": "", "bio_petition": "", "electorate": [14], "title": "John Kerry", "petition_signatures_count": 0, "public": true, "bio_short": "", "bio": "", "budget_summary": "", "petition_validated": false, "name4": "", "name5": "", "name2": "", "name3": "", "name1": "John Kerry", "sunetid2": "", "sunetid3": "", "sunetid1": "jkerry", "slug": "john-kerry", "sunetid4": "", "sunetid5": "", "kind": "SMSA-PAC", "budget": ""}}, {"pk": 20, "model": "issues.issue", "fields": {"image": "", "bio_petition": "", "electorate": [8], "title": "Howard Dean", "petition_signatures_count": 0, "public": true, "bio_short": "", "bio": "", "budget_summary": "", "petition_validated": false, "name4": "", "name5": "", "name2": "", "name3": "", "name1": "Howard Dean", "sunetid2": "", "sunetid3": "", "sunetid1": "hdean", "slug": "howard-dean", "sunetid4": "", "sunetid5": "", "kind": "SMSA-MC", "budget": ""}}, {"pk": 21, "model": "issues.issue", "fields": {"image": "", "bio_petition": "", "electorate": [1], "title": "John Q. Private", "petition_signatures_count": 0, "public": false, "bio_short": "", "bio": "", "budget_summary": "", "petition_validated": false, "name4": "", "name5": "", "name2": "", "name3": "", "name1": "John Q. Private", "sunetid2": "", "sunetid3": "", "sunetid1": "jqprivate", "slug": "john-q-private", "sunetid4": "", "sunetid5": "", "kind": "US", "budget": ""}}, {"pk": 22, "model": "issues.issue", "fields": {"image": "", "bio_petition": "", "electorate": [24], "title": "Bill Clinton", "petition_signatures_count": 0, "public": true, "bio_short": "", "bio": "", "budget_summary": "", "petition_validated": false, "name4": "", "name5": "", "name2": "", "name3": "", "name1": "Bill Clinton", "sunetid2": "", "sunetid3": "", "sunetid1": "bclinton", "slug": "bill-clinton", "sunetid4": "", "sunetid5": "", "kind": "GSC", "budget": ""}}, {"pk": 25, "model": "issues.issue", "fields": {"image": "", "bio_petition": "", "electorate": [1, 2, 3], "title": "Stanford Joint Society", "petition_signatures_count": 0, "public": true, "bio_short": "", "bio": "", "budget_summary": "", "petition_validated": false, "name4": "", "name5": "", "name2": "", "name3": "", "name1": "Mark Sanford", "sunetid2": "", "sunetid3": "", "sunetid1": "msanford", "slug": "stanford-joint-society", "sunetid4": "", "sunetid5": "", "kind": "SF", "budget": ""}}, {"pk": 26, "model": "issues.issue", "fields": {"image": "", "bio_petition": "", "electorate": [15], "title": "Rahm Emanuel", "petition_signatures_count": 0, "public": true, "bio_short": "", "bio": "", "budget_summary": "", "petition_validated": false, "name4": "", "name5": "", "name2": "", "name3": "", "name1": "Rahm Emanuel", "sunetid2": "", "sunetid3": "", "sunetid1": "remanuel", "slug": "rahm-emanuel", "sunetid4": "", "sunetid5": "", "kind": "SMSA-PAC", "budget": ""}}, {"pk": 27, "model": "issues.issue", "fields": {"image": "", "bio_petition": "", "electorate": [10], "title": "Hillary Clinton", "petition_signatures_count": 0, "public": true, "bio_short": "", "bio": "", "budget_summary": "", "petition_validated": false, "name4": "", "name5": "", "name2": "", "name3": "", "name1": "Hillary Clinton", "sunetid2": "", "sunetid3": "", "sunetid1": "hclinton", "slug": "hillary-clinton", "sunetid4": "", "sunetid5": "", "kind": "SMSA-PSRC", "budget": ""}}, {"pk": 28, "model": "issues.issue", "fields": {"image": "", "bio_petition": "", "electorate": [15], "title": "Jason Yang", "petition_signatures_count": 0, "public": true, "bio_short": "", "bio": "", "budget_summary": "", "petition_validated": false, "name4": "", "name5": "", "name2": "", "name3": "", "name1": "Jason Yang", "sunetid2": "", "sunetid3": "", "sunetid1": "sqs", "slug": "jyang", "sunetid4": "", "sunetid5": "", "kind": "SMSA-PAC", "budget": ""}}, {"pk": 29, "model": "issues.issue", "fields": {"image": "", "bio_petition": "", "electorate": [8], "title": "Kobe Bryant", "petition_signatures_count": 0, "public": true, "bio_short": "", "bio": "", "budget_summary": "", "petition_validated": false, "name4": "", "name5": "", "name2": "", "name3": "", "name1": "Kobe Bryant", "sunetid2": "", "sunetid3": "", "sunetid1": "kbryant", "slug": "kobe-bryant", "sunetid4": "", "sunetid5": "", "kind": "SMSA-OSS-OSR", "budget": ""}}, {"pk": 30, "model": "issues.issue", "fields": {"image": "", "bio_petition": "", "electorate": [8], "title": "Michael Jordan", "petition_signatures_count": 0, "public": true, "bio_short": "", "bio": "", "budget_summary": "", "petition_validated": false, "name4": "", "name5": "", "name2": "", "name3": "", "name1": "Michael Jordan", "sunetid2": "", "sunetid3": "", "sunetid1": "mjordan", "slug": "michael-jordan", "sunetid4": "", "sunetid5": "", "kind": "SMSA-CSAC", "budget": ""}}, {"pk": 1, "model": "petitions.signature", "fields": {"signed_at": "2010-02-16 10:21:58", "name": "John Smith", "issue": 1, "sunetid": "jsmith", "electorate": 1, "ip_address": ""}}, {"pk": 2, "model": "petitions.signature", "fields": {"signed_at": "2010-03-01 04:47:55", "name": "X. Y. Zhang", "issue": 25, "sunetid": "xyzhang", "electorate": 1, "ip_address": ""}}]
